month,month_name,quarter,region,salesperson,product,category,customer_segment,units_sold,unit_price,revenue,cost,profit,discount_pct
1,Jan,Q1,East,Alice Wang,Laptop,Electronics,SMB,16,8500.0,136000.0,83200,52800.0,0
1,Jan,Q1,East,Alice Wang,Monitor,Electronics,Retail,4,1870.0,7480.0,4400,3080.0,15
1,Jan,Q1,East,Alice Wang,Keyboard,Peripherals,SMB,14,427.5,5985.0,2520,3465.0,5
1,Jan,Q1,East,Alice Wang,Mouse,Peripherals,SMB,20,238.0,4760.0,2000,2760.0,15
1,Jan,Q1,East,Alice Wang,Headset,Peripherals,SMB,18,620.0,11160.0,4500,6660.0,0
1,Jan,Q1,East,Alice Wang,Desk Chair,Furniture,Retail,12,2720.0,32640.0,16800,15840.0,15
1,Jan,Q1,East,Bob Chen,Standing Desk,Furniture,SMB,3,5500.0,16500.0,8400,8100.0,0
1,Jan,Q1,West,David Kim,Laptop,Electronics,SMB,21,8500.0,178500.0,109200,69300.0,0
1,Jan,Q1,West,David Kim,Monitor,Electronics,Retail,14,2090.0,29260.0,15400,13860.0,5
1,Jan,Q1,West,David Kim,Keyboard,Peripherals,Enterprise,27,382.5,10327.5,4860,5467.5,15
1,Jan,Q1,West,David Kim,Mouse,Peripherals,SMB,19,238.0,4522.0,1900,2622.0,15
1,Jan,Q1,West,Carol Li,Headset,Peripherals,SMB,29,527.0,15283.0,7250,8033.0,15
1,Jan,Q1,West,David Kim,Desk Chair,Furniture,Enterprise,13,3200.0,41600.0,18200,23400.0,0
1,Jan,Q1,West,David Kim,Standing Desk,Furniture,Retail,4,5500.0,22000.0,11200,10800.0,0
1,Jan,Q1,North,Emma Zhang,Laptop,Electronics,Retail,28,8500.0,238000.0,145600,92400.0,0
1,Jan,Q1,North,Emma Zhang,Monitor,Electronics,SMB,18,2200.0,39600.0,19800,19800.0,0
1,Jan,Q1,North,Frank Liu,Keyboard,Peripherals,Enterprise,8,450.0,3600.0,1440,2160.0,0
1,Jan,Q1,North,Emma Zhang,Desk Chair,Furniture,Retail,5,2880.0,14400.0,7000,7400.0,10
1,Jan,Q1,North,Emma Zhang,Standing Desk,Furniture,Retail,26,4950.0,128700.0,72800,55900.0,10
1,Jan,Q1,South,Grace Wu,Laptop,Electronics,Retail,7,8500.0,59500.0,36400,23100.0,0
1,Jan,Q1,South,Grace Wu,Monitor,Electronics,SMB,15,2200.0,33000.0,16500,16500.0,0
1,Jan,Q1,South,Henry Zhou,Keyboard,Peripherals,Enterprise,26,382.5,9945.0,4680,5265.0,15
1,Jan,Q1,South,Grace Wu,Mouse,Peripherals,SMB,11,266.0,2926.0,1100,1826.0,5
1,Jan,Q1,South,Henry Zhou,Headset,Peripherals,SMB,20,589.0,11780.0,5000,6780.0,5
1,Jan,Q1,South,Henry Zhou,Webcam,Electronics,Enterprise,18,342.0,6156.0,2700,3456.0,10
1,Jan,Q1,South,Grace Wu,Desk Chair,Furniture,SMB,27,2880.0,77760.0,37800,39960.0,10
1,Jan,Q1,Central,Iris Zhao,Laptop,Electronics,Retail,13,7650.0,99450.0,67600,31850.0,10
1,Jan,Q1,Central,Jack Sun,Monitor,Electronics,Enterprise,29,2200.0,63800.0,31900,31900.0,0
1,Jan,Q1,Central,Iris Zhao,Keyboard,Peripherals,SMB,10,427.5,4275.0,1800,2475.0,5
1,Jan,Q1,Central,Jack Sun,Headset,Peripherals,Enterprise,28,589.0,16492.0,7000,9492.0,5
1,Jan,Q1,Central,Jack Sun,Webcam,Electronics,Enterprise,14,342.0,4788.0,2100,2688.0,10
1,Jan,Q1,Central,Iris Zhao,Desk Chair,Furniture,Enterprise,4,3200.0,12800.0,5600,7200.0,0
1,Jan,Q1,Central,Jack Sun,Standing Desk,Furniture,Enterprise,5,4675.0,23375.0,14000,9375.0,15
2,Feb,Q1,East,Alice Wang,Monitor,Electronics,Retail,28,2090.0,58520.0,30800,27720.0,5
2,Feb,Q1,East,Alice Wang,Keyboard,Peripherals,Enterprise,21,450.0,9450.0,3780,5670.0,0
2,Feb,Q1,East,Bob Chen,Mouse,Peripherals,Enterprise,28,280.0,7840.0,2800,5040.0,0
2,Feb,Q1,East,Alice Wang,Headset,Peripherals,Enterprise,9,620.0,5580.0,2250,3330.0,0
2,Feb,Q1,East,Alice Wang,Desk Chair,Furniture,Enterprise,21,3040.0,63840.0,29400,34440.0,5
2,Feb,Q1,East,Alice Wang,Standing Desk,Furniture,Retail,17,4950.0,84150.0,47600,36550.0,10
2,Feb,Q1,West,Carol Li,Laptop,Electronics,SMB,9,7225.0,65025.0,46800,18225.0,15
2,Feb,Q1,West,Carol Li,Monitor,Electronics,Retail,21,2200.0,46200.0,23100,23100.0,0
2,Feb,Q1,West,Carol Li,Keyboard,Peripherals,Retail,23,382.5,8797.5,4140,4657.5,15
2,Feb,Q1,West,Carol Li,Mouse,Peripherals,SMB,4,252.0,1008.0,400,608.0,10
2,Feb,Q1,West,David Kim,Headset,Peripherals,SMB,3,527.0,1581.0,750,831.0,15
2,Feb,Q1,West,Carol Li,Webcam,Electronics,SMB,2,380.0,760.0,300,460.0,0
2,Feb,Q1,West,David Kim,Standing Desk,Furniture,Enterprise,5,4950.0,24750.0,14000,10750.0,10
2,Feb,Q1,North,Emma Zhang,Monitor,Electronics,Retail,28,1870.0,52360.0,30800,21560.0,15
2,Feb,Q1,North,Emma Zhang,Keyboard,Peripherals,Enterprise,24,427.5,10260.0,4320,5940.0,5
2,Feb,Q1,North,Frank Liu,Headset,Peripherals,Enterprise,16,620.0,9920.0,4000,5920.0,0
2,Feb,Q1,South,Henry Zhou,Laptop,Electronics,SMB,18,8075.0,145350.0,93600,51750.0,5
2,Feb,Q1,South,Grace Wu,Keyboard,Peripherals,Retail,11,450.0,4950.0,1980,2970.0,0
2,Feb,Q1,South,Henry Zhou,Mouse,Peripherals,SMB,5,280.0,1400.0,500,900.0,0
2,Feb,Q1,South,Henry Zhou,Headset,Peripherals,Enterprise,30,589.0,17670.0,7500,10170.0,5
2,Feb,Q1,South,Henry Zhou,Webcam,Electronics,Enterprise,17,380.0,6460.0,2550,3910.0,0
2,Feb,Q1,South,Grace Wu,Desk Chair,Furniture,Retail,4,3040.0,12160.0,5600,6560.0,5
2,Feb,Q1,South,Henry Zhou,Standing Desk,Furniture,Retail,5,5500.0,27500.0,14000,13500.0,0
2,Feb,Q1,Central,Jack Sun,Laptop,Electronics,Enterprise,16,7650.0,122400.0,83200,39200.0,10
2,Feb,Q1,Central,Iris Zhao,Monitor,Electronics,Retail,13,2090.0,27170.0,14300,12870.0,5
2,Feb,Q1,Central,Jack Sun,Keyboard,Peripherals,SMB,13,405.0,5265.0,2340,2925.0,10
2,Feb,Q1,Central,Iris Zhao,Mouse,Peripherals,Retail,27,280.0,7560.0,2700,4860.0,0
2,Feb,Q1,Central,Iris Zhao,Headset,Peripherals,Enterprise,13,558.0,7254.0,3250,4004.0,10
2,Feb,Q1,Central,Iris Zhao,Desk Chair,Furniture,Enterprise,27,3040.0,82080.0,37800,44280.0,5
3,Mar,Q1,East,Bob Chen,Laptop,Electronics,Retail,13,8500.0,110500.0,67600,42900.0,0
3,Mar,Q1,East,Bob Chen,Mouse,Peripherals,Enterprise,13,280.0,3640.0,1300,2340.0,0
3,Mar,Q1,East,Bob Chen,Headset,Peripherals,SMB,18,620.0,11160.0,4500,6660.0,0
3,Mar,Q1,East,Alice Wang,Webcam,Electronics,Retail,9,380.0,3420.0,1350,2070.0,0
3,Mar,Q1,East,Bob Chen,Standing Desk,Furniture,SMB,19,5500.0,104500.0,53200,51300.0,0
3,Mar,Q1,West,David Kim,Laptop,Electronics,Retail,8,7650.0,61200.0,41600,19600.0,10
3,Mar,Q1,West,Carol Li,Monitor,Electronics,Enterprise,17,2200.0,37400.0,18700,18700.0,0
3,Mar,Q1,West,David Kim,Keyboard,Peripherals,Enterprise,16,450.0,7200.0,2880,4320.0,0
3,Mar,Q1,West,David Kim,Mouse,Peripherals,Retail,29,280.0,8120.0,2900,5220.0,0
3,Mar,Q1,West,Carol Li,Webcam,Electronics,Retail,30,380.0,11400.0,4500,6900.0,0
3,Mar,Q1,West,Carol Li,Desk Chair,Furniture,SMB,24,2720.0,65280.0,33600,31680.0,15
3,Mar,Q1,West,Carol Li,Standing Desk,Furniture,Enterprise,5,5500.0,27500.0,14000,13500.0,0
3,Mar,Q1,North,Frank Liu,Laptop,Electronics,SMB,2,8500.0,17000.0,10400,6600.0,0
3,Mar,Q1,North,Emma Zhang,Monitor,Electronics,Enterprise,19,2200.0,41800.0,20900,20900.0,0
3,Mar,Q1,North,Frank Liu,Keyboard,Peripherals,Retail,24,382.5,9180.0,4320,4860.0,15
3,Mar,Q1,North,Emma Zhang,Mouse,Peripherals,Enterprise,15,252.0,3780.0,1500,2280.0,10
3,Mar,Q1,North,Frank Liu,Headset,Peripherals,SMB,22,620.0,13640.0,5500,8140.0,0
3,Mar,Q1,North,Emma Zhang,Webcam,Electronics,Enterprise,13,380.0,4940.0,1950,2990.0,0
3,Mar,Q1,North,Emma Zhang,Desk Chair,Furniture,Retail,29,3200.0,92800.0,40600,52200.0,0
3,Mar,Q1,South,Henry Zhou,Monitor,Electronics,Retail,24,2200.0,52800.0,26400,26400.0,0
3,Mar,Q1,South,Henry Zhou,Keyboard,Peripherals,Enterprise,29,450.0,13050.0,5220,7830.0,0
3,Mar,Q1,South,Grace Wu,Mouse,Peripherals,Retail,19,280.0,5320.0,1900,3420.0,0
3,Mar,Q1,South,Grace Wu,Headset,Peripherals,Retail,19,620.0,11780.0,4750,7030.0,0
3,Mar,Q1,South,Henry Zhou,Webcam,Electronics,Retail,6,380.0,2280.0,900,1380.0,0
3,Mar,Q1,South,Henry Zhou,Standing Desk,Furniture,Retail,4,5500.0,22000.0,11200,10800.0,0
3,Mar,Q1,Central,Iris Zhao,Monitor,Electronics,SMB,21,1870.0,39270.0,23100,16170.0,15
3,Mar,Q1,Central,Jack Sun,Keyboard,Peripherals,SMB,19,450.0,8550.0,3420,5130.0,0
3,Mar,Q1,Central,Jack Sun,Headset,Peripherals,Enterprise,14,620.0,8680.0,3500,5180.0,0
3,Mar,Q1,Central,Jack Sun,Webcam,Electronics,SMB,7,361.0,2527.0,1050,1477.0,5
3,Mar,Q1,Central,Iris Zhao,Desk Chair,Furniture,SMB,12,2880.0,34560.0,16800,17760.0,10
3,Mar,Q1,Central,Jack Sun,Standing Desk,Furniture,SMB,12,4675.0,56100.0,33600,22500.0,15
4,Apr,Q2,East,Bob Chen,Monitor,Electronics,Enterprise,19,2200.0,41800.0,20900,20900.0,0
4,Apr,Q2,East,Alice Wang,Keyboard,Peripherals,Enterprise,10,427.5,4275.0,1800,2475.0,5
4,Apr,Q2,East,Bob Chen,Headset,Peripherals,Enterprise,14,558.0,7812.0,3500,4312.0,10
4,Apr,Q2,East,Bob Chen,Webcam,Electronics,Retail,30,380.0,11400.0,4500,6900.0,0
4,Apr,Q2,East,Bob Chen,Desk Chair,Furniture,Retail,11,3200.0,35200.0,15400,19800.0,0
4,Apr,Q2,East,Bob Chen,Standing Desk,Furniture,Enterprise,42,5500.0,231000.0,117600,113400.0,0
4,Apr,Q2,West,Carol Li,Monitor,Electronics,Retail,16,2200.0,35200.0,17600,17600.0,0
4,Apr,Q2,West,David Kim,Keyboard,Peripherals,Retail,3,450.0,1350.0,540,810.0,0
4,Apr,Q2,West,David Kim,Mouse,Peripherals,SMB,22,238.0,5236.0,2200,3036.0,15
4,Apr,Q2,West,David Kim,Headset,Peripherals,Enterprise,29,620.0,17980.0,7250,10730.0,0
4,Apr,Q2,West,David Kim,Webcam,Electronics,SMB,25,380.0,9500.0,3750,5750.0,0
4,Apr,Q2,North,Frank Liu,Laptop,Electronics,Enterprise,13,7650.0,99450.0,67600,31850.0,10
4,Apr,Q2,North,Frank Liu,Monitor,Electronics,Retail,16,1980.0,31680.0,17600,14080.0,10
4,Apr,Q2,North,Emma Zhang,Keyboard,Peripherals,SMB,5,450.0,2250.0,900,1350.0,0
4,Apr,Q2,North,Frank Liu,Mouse,Peripherals,Enterprise,12,252.0,3024.0,1200,1824.0,10
4,Apr,Q2,North,Emma Zhang,Webcam,Electronics,Enterprise,18,380.0,6840.0,2700,4140.0,0
4,Apr,Q2,North,Frank Liu,Standing Desk,Furniture,Enterprise,23,4950.0,113850.0,64400,49450.0,10
4,Apr,Q2,South,Henry Zhou,Laptop,Electronics,Retail,18,8500.0,153000.0,93600,59400.0,0
4,Apr,Q2,South,Henry Zhou,Monitor,Electronics,Retail,14,1980.0,27720.0,15400,12320.0,10
4,Apr,Q2,South,Henry Zhou,Keyboard,Peripherals,Retail,28,405.0,11340.0,5040,6300.0,10
4,Apr,Q2,South,Henry Zhou,Mouse,Peripherals,SMB,17,280.0,4760.0,1700,3060.0,0
4,Apr,Q2,South,Henry Zhou,Headset,Peripherals,Retail,15,558.0,8370.0,3750,4620.0,10
4,Apr,Q2,South,Henry Zhou,Webcam,Electronics,SMB,22,380.0,8360.0,3300,5060.0,0
4,Apr,Q2,South,Grace Wu,Desk Chair,Furniture,Retail,37,2880.0,106560.0,51800,54760.0,10
4,Apr,Q2,Central,Jack Sun,Laptop,Electronics,Enterprise,18,7225.0,130050.0,93600,36450.0,15
4,Apr,Q2,Central,Iris Zhao,Monitor,Electronics,Enterprise,9,2200.0,19800.0,9900,9900.0,0
4,Apr,Q2,Central,Iris Zhao,Mouse,Peripherals,SMB,6,266.0,1596.0,600,996.0,5
4,Apr,Q2,Central,Iris Zhao,Headset,Peripherals,Retail,21,589.0,12369.0,5250,7119.0,5
4,Apr,Q2,Central,Jack Sun,Standing Desk,Furniture,SMB,32,5225.0,167200.0,89600,77600.0,5
5,May,Q2,East,Bob Chen,Laptop,Electronics,Retail,16,7650.0,122400.0,83200,39200.0,10
5,May,Q2,East,Bob Chen,Monitor,Electronics,Retail,26,1870.0,48620.0,28600,20020.0,15
5,May,Q2,East,Bob Chen,Keyboard,Peripherals,Enterprise,9,450.0,4050.0,1620,2430.0,0
5,May,Q2,East,Alice Wang,Mouse,Peripherals,Retail,11,280.0,3080.0,1100,1980.0,0
5,May,Q2,East,Bob Chen,Headset,Peripherals,Retail,12,589.0,7068.0,3000,4068.0,5
5,May,Q2,East,Bob Chen,Webcam,Electronics,SMB,27,323.0,8721.0,4050,4671.0,15
5,May,Q2,East,Bob Chen,Standing Desk,Furniture,Enterprise,19,5225.0,99275.0,53200,46075.0,5
5,May,Q2,West,Carol Li,Laptop,Electronics,SMB,11,7225.0,79475.0,57200,22275.0,15
5,May,Q2,West,David Kim,Monitor,Electronics,Enterprise,22,2200.0,48400.0,24200,24200.0,0
5,May,Q2,West,David Kim,Mouse,Peripherals,Enterprise,19,238.0,4522.0,1900,2622.0,15
5,May,Q2,West,Carol Li,Webcam,Electronics,Retail,9,380.0,3420.0,1350,2070.0,0
5,May,Q2,West,Carol Li,Desk Chair,Furniture,Enterprise,12,2720.0,32640.0,16800,15840.0,15
5,May,Q2,North,Emma Zhang,Laptop,Electronics,Enterprise,17,8500.0,144500.0,88400,56100.0,0
5,May,Q2,North,Frank Liu,Monitor,Electronics,SMB,7,2090.0,14630.0,7700,6930.0,5
5,May,Q2,North,Frank Liu,Keyboard,Peripherals,SMB,26,450.0,11700.0,4680,7020.0,0
5,May,Q2,North,Emma Zhang,Mouse,Peripherals,Retail,26,280.0,7280.0,2600,4680.0,0
5,May,Q2,North,Emma Zhang,Headset,Peripherals,SMB,29,620.0,17980.0,7250,10730.0,0
5,May,Q2,North,Frank Liu,Webcam,Electronics,SMB,7,380.0,2660.0,1050,1610.0,0
5,May,Q2,North,Emma Zhang,Standing Desk,Furniture,Enterprise,40,5500.0,220000.0,112000,108000.0,0
5,May,Q2,South,Henry Zhou,Laptop,Electronics,SMB,21,8500.0,178500.0,109200,69300.0,0
5,May,Q2,South,Henry Zhou,Monitor,Electronics,Enterprise,22,1980.0,43560.0,24200,19360.0,10
5,May,Q2,South,Grace Wu,Keyboard,Peripherals,Enterprise,16,450.0,7200.0,2880,4320.0,0
5,May,Q2,South,Henry Zhou,Mouse,Peripherals,Retail,25,266.0,6650.0,2500,4150.0,5
5,May,Q2,South,Grace Wu,Webcam,Electronics,Enterprise,27,380.0,10260.0,4050,6210.0,0
5,May,Q2,South,Henry Zhou,Desk Chair,Furniture,Retail,30,3040.0,91200.0,42000,49200.0,5
5,May,Q2,South,Grace Wu,Standing Desk,Furniture,Enterprise,19,4675.0,88825.0,53200,35625.0,15
5,May,Q2,Central,Iris Zhao,Laptop,Electronics,Enterprise,17,8500.0,144500.0,88400,56100.0,0
5,May,Q2,Central,Jack Sun,Monitor,Electronics,SMB,9,2090.0,18810.0,9900,8910.0,5
5,May,Q2,Central,Iris Zhao,Keyboard,Peripherals,SMB,25,405.0,10125.0,4500,5625.0,10
5,May,Q2,Central,Iris Zhao,Mouse,Peripherals,Retail,24,280.0,6720.0,2400,4320.0,0
5,May,Q2,Central,Jack Sun,Webcam,Electronics,Retail,14,323.0,4522.0,2100,2422.0,15
5,May,Q2,Central,Iris Zhao,Standing Desk,Furniture,Enterprise,15,5500.0,82500.0,42000,40500.0,0
6,Jun,Q2,East,Bob Chen,Laptop,Electronics,Retail,17,8500.0,144500.0,88400,56100.0,0
6,Jun,Q2,East,Bob Chen,Monitor,Electronics,Retail,13,2090.0,27170.0,14300,12870.0,5
6,Jun,Q2,East,Alice Wang,Keyboard,Peripherals,Retail,28,450.0,12600.0,5040,7560.0,0
6,Jun,Q2,East,Bob Chen,Mouse,Peripherals,Retail,29,280.0,8120.0,2900,5220.0,0
6,Jun,Q2,East,Alice Wang,Headset,Peripherals,Enterprise,4,558.0,2232.0,1000,1232.0,10
6,Jun,Q2,East,Alice Wang,Webcam,Electronics,Retail,30,342.0,10260.0,4500,5760.0,10
6,Jun,Q2,East,Bob Chen,Desk Chair,Furniture,Enterprise,9,3200.0,28800.0,12600,16200.0,0
6,Jun,Q2,East,Bob Chen,Standing Desk,Furniture,Enterprise,33,4950.0,163350.0,92400,70950.0,10
6,Jun,Q2,West,David Kim,Laptop,Electronics,Enterprise,16,8500.0,136000.0,83200,52800.0,0
6,Jun,Q2,West,Carol Li,Monitor,Electronics,Retail,16,1980.0,31680.0,17600,14080.0,10
6,Jun,Q2,West,Carol Li,Keyboard,Peripherals,SMB,27,450.0,12150.0,4860,7290.0,0
6,Jun,Q2,West,Carol Li,Mouse,Peripherals,Retail,2,238.0,476.0,200,276.0,15
6,Jun,Q2,West,Carol Li,Webcam,Electronics,Enterprise,24,380.0,9120.0,3600,5520.0,0
6,Jun,Q2,West,David Kim,Desk Chair,Furniture,SMB,23,3200.0,73600.0,32200,41400.0,0
6,Jun,Q2,North,Frank Liu,Monitor,Electronics,SMB,25,1870.0,46750.0,27500,19250.0,15
6,Jun,Q2,North,Frank Liu,Keyboard,Peripherals,SMB,14,427.5,5985.0,2520,3465.0,5
6,Jun,Q2,North,Emma Zhang,Headset,Peripherals,Retail,29,558.0,16182.0,7250,8932.0,10
6,Jun,Q2,North,Frank Liu,Webcam,Electronics,Retail,5,380.0,1900.0,750,1150.0,0
6,Jun,Q2,North,Emma Zhang,Standing Desk,Furniture,SMB,39,5500.0,214500.0,109200,105300.0,0
6,Jun,Q2,South,Henry Zhou,Laptop,Electronics,Retail,25,7650.0,191250.0,130000,61250.0,10
6,Jun,Q2,South,Henry Zhou,Monitor,Electronics,SMB,9,2200.0,19800.0,9900,9900.0,0
6,Jun,Q2,South,Grace Wu,Headset,Peripherals,Retail,26,620.0,16120.0,6500,9620.0,0
6,Jun,Q2,South,Grace Wu,Webcam,Electronics,Enterprise,26,380.0,9880.0,3900,5980.0,0
6,Jun,Q2,South,Grace Wu,Standing Desk,Furniture,Enterprise,22,4950.0,108900.0,61600,47300.0,10
6,Jun,Q2,Central,Iris Zhao,Laptop,Electronics,Retail,14,8075.0,113050.0,72800,40250.0,5
6,Jun,Q2,Central,Jack Sun,Keyboard,Peripherals,Enterprise,3,450.0,1350.0,540,810.0,0
6,Jun,Q2,Central,Jack Sun,Mouse,Peripherals,Retail,25,252.0,6300.0,2500,3800.0,10
6,Jun,Q2,Central,Iris Zhao,Headset,Peripherals,SMB,23,620.0,14260.0,5750,8510.0,0
6,Jun,Q2,Central,Iris Zhao,Webcam,Electronics,SMB,23,342.0,7866.0,3450,4416.0,10
6,Jun,Q2,Central,Iris Zhao,Desk Chair,Furniture,Retail,4,2880.0,11520.0,5600,5920.0,10
6,Jun,Q2,Central,Iris Zhao,Standing Desk,Furniture,SMB,26,5225.0,135850.0,72800,63050.0,5
7,Jul,Q3,East,Bob Chen,Laptop,Electronics,Retail,23,8075.0,185725.0,119600,66125.0,5
7,Jul,Q3,East,Bob Chen,Monitor,Electronics,Enterprise,6,2200.0,13200.0,6600,6600.0,0
7,Jul,Q3,East,Alice Wang,Keyboard,Peripherals,SMB,17,450.0,7650.0,3060,4590.0,0
7,Jul,Q3,East,Alice Wang,Mouse,Peripherals,Retail,6,266.0,1596.0,600,996.0,5
7,Jul,Q3,East,Alice Wang,Headset,Peripherals,SMB,15,558.0,8370.0,3750,4620.0,10
7,Jul,Q3,East,Alice Wang,Standing Desk,Furniture,Retail,16,5500.0,88000.0,44800,43200.0,0
7,Jul,Q3,West,David Kim,Laptop,Electronics,SMB,8,8500.0,68000.0,41600,26400.0,0
7,Jul,Q3,West,Carol Li,Monitor,Electronics,Enterprise,21,2200.0,46200.0,23100,23100.0,0
7,Jul,Q3,West,Carol Li,Keyboard,Peripherals,SMB,20,382.5,7650.0,3600,4050.0,15
7,Jul,Q3,West,Carol Li,Headset,Peripherals,Enterprise,11,620.0,6820.0,2750,4070.0,0
7,Jul,Q3,West,David Kim,Webcam,Electronics,Enterprise,5,323.0,1615.0,750,865.0,15
7,Jul,Q3,West,David Kim,Desk Chair,Furniture,Enterprise,24,3200.0,76800.0,33600,43200.0,0
7,Jul,Q3,West,David Kim,Standing Desk,Furniture,SMB,26,5500.0,143000.0,72800,70200.0,0
7,Jul,Q3,North,Frank Liu,Laptop,Electronics,SMB,13,8500.0,110500.0,67600,42900.0,0
7,Jul,Q3,North,Emma Zhang,Monitor,Electronics,Retail,17,2090.0,35530.0,18700,16830.0,5
7,Jul,Q3,North,Emma Zhang,Keyboard,Peripherals,SMB,28,450.0,12600.0,5040,7560.0,0
7,Jul,Q3,North,Emma Zhang,Mouse,Peripherals,Retail,3,252.0,756.0,300,456.0,10
7,Jul,Q3,North,Frank Liu,Webcam,Electronics,SMB,20,342.0,6840.0,3000,3840.0,10
7,Jul,Q3,North,Emma Zhang,Standing Desk,Furniture,SMB,14,4950.0,69300.0,39200,30100.0,10
7,Jul,Q3,South,Henry Zhou,Laptop,Electronics,SMB,23,8500.0,195500.0,119600,75900.0,0
7,Jul,Q3,South,Henry Zhou,Monitor,Electronics,SMB,22,1870.0,41140.0,24200,16940.0,15
7,Jul,Q3,South,Henry Zhou,Mouse,Peripherals,Enterprise,7,280.0,1960.0,700,1260.0,0
7,Jul,Q3,South,Grace Wu,Headset,Peripherals,Retail,19,527.0,10013.0,4750,5263.0,15
7,Jul,Q3,South,Grace Wu,Desk Chair,Furniture,Enterprise,28,2720.0,76160.0,39200,36960.0,15
7,Jul,Q3,South,Grace Wu,Standing Desk,Furniture,Enterprise,28,4675.0,130900.0,78400,52500.0,15
7,Jul,Q3,Central,Jack Sun,Laptop,Electronics,SMB,2,8500.0,17000.0,10400,6600.0,0
7,Jul,Q3,Central,Jack Sun,Keyboard,Peripherals,Enterprise,21,427.5,8977.5,3780,5197.5,5
7,Jul,Q3,Central,Jack Sun,Headset,Peripherals,Retail,2,620.0,1240.0,500,740.0,0
7,Jul,Q3,Central,Jack Sun,Webcam,Electronics,Enterprise,2,342.0,684.0,300,384.0,10
8,Aug,Q3,East,Bob Chen,Keyboard,Peripherals,SMB,28,450.0,12600.0,5040,7560.0,0
8,Aug,Q3,East,Alice Wang,Headset,Peripherals,Retail,16,558.0,8928.0,4000,4928.0,10
8,Aug,Q3,East,Alice Wang,Desk Chair,Furniture,Enterprise,29,3200.0,92800.0,40600,52200.0,0
8,Aug,Q3,East,Bob Chen,Standing Desk,Furniture,Enterprise,14,4950.0,69300.0,39200,30100.0,10
8,Aug,Q3,West,Carol Li,Laptop,Electronics,SMB,24,8500.0,204000.0,124800,79200.0,0
8,Aug,Q3,West,Carol Li,Monitor,Electronics,Retail,22,2200.0,48400.0,24200,24200.0,0
8,Aug,Q3,West,David Kim,Keyboard,Peripherals,SMB,9,450.0,4050.0,1620,2430.0,0
8,Aug,Q3,West,Carol Li,Webcam,Electronics,Enterprise,30,342.0,10260.0,4500,5760.0,10
8,Aug,Q3,West,Carol Li,Desk Chair,Furniture,Retail,12,3200.0,38400.0,16800,21600.0,0
8,Aug,Q3,North,Emma Zhang,Laptop,Electronics,SMB,28,8075.0,226100.0,145600,80500.0,5
8,Aug,Q3,North,Frank Liu,Mouse,Peripherals,SMB,14,238.0,3332.0,1400,1932.0,15
8,Aug,Q3,North,Emma Zhang,Headset,Peripherals,Retail,6,527.0,3162.0,1500,1662.0,15
8,Aug,Q3,North,Emma Zhang,Webcam,Electronics,SMB,13,380.0,4940.0,1950,2990.0,0
8,Aug,Q3,South,Henry Zhou,Laptop,Electronics,SMB,21,7650.0,160650.0,109200,51450.0,10
8,Aug,Q3,South,Grace Wu,Keyboard,Peripherals,SMB,16,427.5,6840.0,2880,3960.0,5
8,Aug,Q3,South,Grace Wu,Mouse,Peripherals,Retail,14,266.0,3724.0,1400,2324.0,5
8,Aug,Q3,South,Henry Zhou,Headset,Peripherals,Enterprise,14,620.0,8680.0,3500,5180.0,0
8,Aug,Q3,South,Grace Wu,Webcam,Electronics,SMB,4,380.0,1520.0,600,920.0,0
8,Aug,Q3,South,Henry Zhou,Desk Chair,Furniture,SMB,22,3200.0,70400.0,30800,39600.0,0
8,Aug,Q3,South,Henry Zhou,Standing Desk,Furniture,SMB,4,5500.0,22000.0,11200,10800.0,0
8,Aug,Q3,Central,Iris Zhao,Laptop,Electronics,Enterprise,10,8500.0,85000.0,52000,33000.0,0
8,Aug,Q3,Central,Jack Sun,Keyboard,Peripherals,Enterprise,19,405.0,7695.0,3420,4275.0,10
8,Aug,Q3,Central,Jack Sun,Headset,Peripherals,SMB,4,558.0,2232.0,1000,1232.0,10
8,Aug,Q3,Central,Iris Zhao,Desk Chair,Furniture,Retail,26,3200.0,83200.0,36400,46800.0,0
8,Aug,Q3,Central,Iris Zhao,Standing Desk,Furniture,Enterprise,23,5225.0,120175.0,64400,55775.0,5
9,Sep,Q3,East,Alice Wang,Laptop,Electronics,Enterprise,10,8075.0,80750.0,52000,28750.0,5
9,Sep,Q3,East,Alice Wang,Keyboard,Peripherals,SMB,11,427.5,4702.5,1980,2722.5,5
9,Sep,Q3,East,Bob Chen,Mouse,Peripherals,Retail,9,238.0,2142.0,900,1242.0,15
9,Sep,Q3,East,Alice Wang,Headset,Peripherals,SMB,16,620.0,9920.0,4000,5920.0,0
9,Sep,Q3,East,Bob Chen,Desk Chair,Furniture,SMB,28,2880.0,80640.0,39200,41440.0,10
9,Sep,Q3,East,Alice Wang,Standing Desk,Furniture,SMB,15,4675.0,70125.0,42000,28125.0,15
9,Sep,Q3,West,David Kim,Laptop,Electronics,SMB,24,8500.0,204000.0,124800,79200.0,0
9,Sep,Q3,West,David Kim,Keyboard,Peripherals,Retail,12,450.0,5400.0,2160,3240.0,0
9,Sep,Q3,West,David Kim,Mouse,Peripherals,SMB,12,266.0,3192.0,1200,1992.0,5
9,Sep,Q3,West,Carol Li,Headset,Peripherals,Retail,20,620.0,12400.0,5000,7400.0,0
9,Sep,Q3,West,David Kim,Webcam,Electronics,Retail,2,323.0,646.0,300,346.0,15
9,Sep,Q3,West,Carol Li,Standing Desk,Furniture,SMB,28,4675.0,130900.0,78400,52500.0,15
9,Sep,Q3,North,Frank Liu,Laptop,Electronics,Enterprise,6,7225.0,43350.0,31200,12150.0,15
9,Sep,Q3,North,Frank Liu,Monitor,Electronics,SMB,6,1870.0,11220.0,6600,4620.0,15
9,Sep,Q3,North,Frank Liu,Mouse,Peripherals,Retail,17,252.0,4284.0,1700,2584.0,10
9,Sep,Q3,North,Frank Liu,Headset,Peripherals,Retail,29,527.0,15283.0,7250,8033.0,15
9,Sep,Q3,North,Emma Zhang,Desk Chair,Furniture,Enterprise,24,2880.0,69120.0,33600,35520.0,10
9,Sep,Q3,North,Frank Liu,Standing Desk,Furniture,Enterprise,23,4675.0,107525.0,64400,43125.0,15
9,Sep,Q3,South,Henry Zhou,Laptop,Electronics,SMB,3,7650.0,22950.0,15600,7350.0,10
9,Sep,Q3,South,Grace Wu,Monitor,Electronics,Enterprise,15,2200.0,33000.0,16500,16500.0,0
9,Sep,Q3,South,Grace Wu,Keyboard,Peripherals,SMB,18,382.5,6885.0,3240,3645.0,15
9,Sep,Q3,South,Grace Wu,Mouse,Peripherals,SMB,16,238.0,3808.0,1600,2208.0,15
9,Sep,Q3,South,Henry Zhou,Headset,Peripherals,SMB,17,620.0,10540.0,4250,6290.0,0
9,Sep,Q3,South,Grace Wu,Webcam,Electronics,SMB,4,380.0,1520.0,600,920.0,0
9,Sep,Q3,South,Henry Zhou,Desk Chair,Furniture,SMB,16,3200.0,51200.0,22400,28800.0,0
9,Sep,Q3,South,Henry Zhou,Standing Desk,Furniture,SMB,16,4675.0,74800.0,44800,30000.0,15
9,Sep,Q3,Central,Iris Zhao,Keyboard,Peripherals,Retail,2,450.0,900.0,360,540.0,0
9,Sep,Q3,Central,Iris Zhao,Mouse,Peripherals,Retail,25,280.0,7000.0,2500,4500.0,0
9,Sep,Q3,Central,Jack Sun,Webcam,Electronics,Retail,16,380.0,6080.0,2400,3680.0,0
9,Sep,Q3,Central,Iris Zhao,Standing Desk,Furniture,Retail,15,5225.0,78375.0,42000,36375.0,5
10,Oct,Q4,East,Bob Chen,Laptop,Electronics,SMB,12,8075.0,96900.0,62400,34500.0,5
10,Oct,Q4,East,Alice Wang,Mouse,Peripherals,Retail,24,280.0,6720.0,2400,4320.0,0
10,Oct,Q4,East,Bob Chen,Webcam,Electronics,Retail,25,380.0,9500.0,3750,5750.0,0
10,Oct,Q4,East,Bob Chen,Desk Chair,Furniture,Retail,18,2720.0,48960.0,25200,23760.0,15
10,Oct,Q4,East,Alice Wang,Standing Desk,Furniture,SMB,14,4950.0,69300.0,39200,30100.0,10
10,Oct,Q4,West,Carol Li,Laptop,Electronics,Retail,25,7650.0,191250.0,130000,61250.0,10
10,Oct,Q4,West,Carol Li,Monitor,Electronics,Retail,17,1980.0,33660.0,18700,14960.0,10
10,Oct,Q4,West,Carol Li,Headset,Peripherals,Retail,7,620.0,4340.0,1750,2590.0,0
10,Oct,Q4,West,David Kim,Webcam,Electronics,SMB,33,380.0,12540.0,4950,7590.0,0
10,Oct,Q4,West,Carol Li,Standing Desk,Furniture,Retail,24,4675.0,112200.0,67200,45000.0,15
10,Oct,Q4,North,Frank Liu,Monitor,Electronics,Retail,11,2200.0,24200.0,12100,12100.0,0
10,Oct,Q4,North,Emma Zhang,Mouse,Peripherals,Enterprise,2,266.0,532.0,200,332.0,5
10,Oct,Q4,North,Frank Liu,Headset,Peripherals,SMB,19,558.0,10602.0,4750,5852.0,10
10,Oct,Q4,North,Frank Liu,Webcam,Electronics,SMB,24,323.0,7752.0,3600,4152.0,15
10,Oct,Q4,North,Frank Liu,Standing Desk,Furniture,Enterprise,27,5500.0,148500.0,75600,72900.0,0
10,Oct,Q4,South,Grace Wu,Laptop,Electronics,SMB,30,8500.0,255000.0,156000,99000.0,0
10,Oct,Q4,South,Grace Wu,Monitor,Electronics,Retail,41,2090.0,85690.0,45100,40590.0,5
10,Oct,Q4,South,Grace Wu,Mouse,Peripherals,Retail,28,280.0,7840.0,2800,5040.0,0
10,Oct,Q4,South,Grace Wu,Headset,Peripherals,Retail,8,589.0,4712.0,2000,2712.0,5
10,Oct,Q4,South,Henry Zhou,Webcam,Electronics,Enterprise,41,380.0,15580.0,6150,9430.0,0
10,Oct,Q4,South,Henry Zhou,Desk Chair,Furniture,Enterprise,13,3200.0,41600.0,18200,23400.0,0
10,Oct,Q4,South,Henry Zhou,Standing Desk,Furniture,Retail,9,5500.0,49500.0,25200,24300.0,0
10,Oct,Q4,Central,Iris Zhao,Laptop,Electronics,Enterprise,24,8500.0,204000.0,124800,79200.0,0
10,Oct,Q4,Central,Jack Sun,Monitor,Electronics,Retail,43,2200.0,94600.0,47300,47300.0,0
10,Oct,Q4,Central,Jack Sun,Keyboard,Peripherals,Retail,19,450.0,8550.0,3420,5130.0,0
10,Oct,Q4,Central,Iris Zhao,Mouse,Peripherals,Enterprise,20,280.0,5600.0,2000,3600.0,0
10,Oct,Q4,Central,Iris Zhao,Headset,Peripherals,SMB,27,589.0,15903.0,6750,9153.0,5
10,Oct,Q4,Central,Iris Zhao,Webcam,Electronics,Enterprise,9,323.0,2907.0,1350,1557.0,15
10,Oct,Q4,Central,Jack Sun,Standing Desk,Furniture,SMB,9,4675.0,42075.0,25200,16875.0,15
11,Nov,Q4,East,Bob Chen,Monitor,Electronics,SMB,35,2090.0,73150.0,38500,34650.0,5
11,Nov,Q4,East,Bob Chen,Mouse,Peripherals,Retail,26,280.0,7280.0,2600,4680.0,0
11,Nov,Q4,East,Bob Chen,Headset,Peripherals,SMB,24,620.0,14880.0,6000,8880.0,0
11,Nov,Q4,East,Alice Wang,Webcam,Electronics,Retail,3,323.0,969.0,450,519.0,15
11,Nov,Q4,East,Bob Chen,Desk Chair,Furniture,Enterprise,22,2720.0,59840.0,30800,29040.0,15
11,Nov,Q4,East,Bob Chen,Standing Desk,Furniture,Enterprise,14,5500.0,77000.0,39200,37800.0,0
11,Nov,Q4,West,David Kim,Laptop,Electronics,Retail,19,8500.0,161500.0,98800,62700.0,0
11,Nov,Q4,West,David Kim,Monitor,Electronics,Retail,32,2090.0,66880.0,35200,31680.0,5
11,Nov,Q4,West,David Kim,Keyboard,Peripherals,Enterprise,3,450.0,1350.0,540,810.0,0
11,Nov,Q4,West,Carol Li,Headset,Peripherals,SMB,16,589.0,9424.0,4000,5424.0,5
11,Nov,Q4,West,David Kim,Desk Chair,Furniture,Enterprise,6,2720.0,16320.0,8400,7920.0,15
11,Nov,Q4,West,Carol Li,Standing Desk,Furniture,Retail,30,5500.0,165000.0,84000,81000.0,0
11,Nov,Q4,North,Emma Zhang,Laptop,Electronics,Enterprise,6,8500.0,51000.0,31200,19800.0,0
11,Nov,Q4,North,Emma Zhang,Monitor,Electronics,SMB,17,1870.0,31790.0,18700,13090.0,15
11,Nov,Q4,North,Emma Zhang,Keyboard,Peripherals,Enterprise,24,450.0,10800.0,4320,6480.0,0
11,Nov,Q4,North,Emma Zhang,Mouse,Peripherals,Retail,6,252.0,1512.0,600,912.0,10
11,Nov,Q4,North,Frank Liu,Headset,Peripherals,Enterprise,2,620.0,1240.0,500,740.0,0
11,Nov,Q4,North,Emma Zhang,Webcam,Electronics,SMB,24,323.0,7752.0,3600,4152.0,15
11,Nov,Q4,North,Emma Zhang,Standing Desk,Furniture,SMB,25,5500.0,137500.0,70000,67500.0,0
11,Nov,Q4,South,Henry Zhou,Laptop,Electronics,Enterprise,17,8500.0,144500.0,88400,56100.0,0
11,Nov,Q4,South,Grace Wu,Monitor,Electronics,Retail,36,2200.0,79200.0,39600,39600.0,0
11,Nov,Q4,South,Grace Wu,Keyboard,Peripherals,SMB,21,382.5,8032.5,3780,4252.5,15
11,Nov,Q4,South,Grace Wu,Mouse,Peripherals,SMB,8,238.0,1904.0,800,1104.0,15
11,Nov,Q4,South,Grace Wu,Headset,Peripherals,Enterprise,16,620.0,9920.0,4000,5920.0,0
11,Nov,Q4,South,Henry Zhou,Standing Desk,Furniture,Enterprise,13,5225.0,67925.0,36400,31525.0,5
11,Nov,Q4,Central,Jack Sun,Monitor,Electronics,Retail,14,1980.0,27720.0,15400,12320.0,10
11,Nov,Q4,Central,Iris Zhao,Mouse,Peripherals,Retail,30,280.0,8400.0,3000,5400.0,0
11,Nov,Q4,Central,Jack Sun,Headset,Peripherals,SMB,8,527.0,4216.0,2000,2216.0,15
11,Nov,Q4,Central,Jack Sun,Webcam,Electronics,SMB,43,380.0,16340.0,6450,9890.0,0
11,Nov,Q4,Central,Iris Zhao,Standing Desk,Furniture,SMB,21,5500.0,115500.0,58800,56700.0,0
12,Dec,Q4,East,Bob Chen,Laptop,Electronics,SMB,9,8075.0,72675.0,46800,25875.0,5
12,Dec,Q4,East,Alice Wang,Monitor,Electronics,Enterprise,11,2090.0,22990.0,12100,10890.0,5
12,Dec,Q4,East,Alice Wang,Keyboard,Peripherals,Enterprise,2,450.0,900.0,360,540.0,0
12,Dec,Q4,East,Bob Chen,Mouse,Peripherals,Retail,27,266.0,7182.0,2700,4482.0,5
12,Dec,Q4,East,Bob Chen,Headset,Peripherals,Retail,26,589.0,15314.0,6500,8814.0,5
12,Dec,Q4,East,Alice Wang,Webcam,Electronics,SMB,35,342.0,11970.0,5250,6720.0,10
12,Dec,Q4,West,David Kim,Laptop,Electronics,SMB,43,8500.0,365500.0,223600,141900.0,0
12,Dec,Q4,West,Carol Li,Monitor,Electronics,SMB,41,1870.0,76670.0,45100,31570.0,15
12,Dec,Q4,West,Carol Li,Keyboard,Peripherals,Enterprise,25,450.0,11250.0,4500,6750.0,0
12,Dec,Q4,West,Carol Li,Headset,Peripherals,SMB,16,558.0,8928.0,4000,4928.0,10
12,Dec,Q4,West,Carol Li,Webcam,Electronics,Enterprise,36,323.0,11628.0,5400,6228.0,15
12,Dec,Q4,North,Frank Liu,Monitor,Electronics,Enterprise,20,1980.0,39600.0,22000,17600.0,10
12,Dec,Q4,North,Emma Zhang,Keyboard,Peripherals,Enterprise,25,450.0,11250.0,4500,6750.0,0
12,Dec,Q4,North,Emma Zhang,Mouse,Peripherals,SMB,15,280.0,4200.0,1500,2700.0,0
12,Dec,Q4,North,Emma Zhang,Headset,Peripherals,SMB,20,527.0,10540.0,5000,5540.0,15
12,Dec,Q4,North,Frank Liu,Webcam,Electronics,Retail,20,380.0,7600.0,3000,4600.0,0
12,Dec,Q4,South,Grace Wu,Laptop,Electronics,Enterprise,48,7650.0,367200.0,249600,117600.0,10
12,Dec,Q4,South,Grace Wu,Monitor,Electronics,Enterprise,3,2200.0,6600.0,3300,3300.0,0
12,Dec,Q4,South,Grace Wu,Mouse,Peripherals,Retail,6,280.0,1680.0,600,1080.0,0
12,Dec,Q4,South,Henry Zhou,Headset,Peripherals,Enterprise,24,527.0,12648.0,6000,6648.0,15
12,Dec,Q4,South,Henry Zhou,Webcam,Electronics,SMB,24,323.0,7752.0,3600,4152.0,15
12,Dec,Q4,South,Grace Wu,Desk Chair,Furniture,Retail,20,3200.0,64000.0,28000,36000.0,0
12,Dec,Q4,South,Grace Wu,Standing Desk,Furniture,Retail,3,5500.0,16500.0,8400,8100.0,0
12,Dec,Q4,Central,Jack Sun,Laptop,Electronics,SMB,22,8500.0,187000.0,114400,72600.0,0
12,Dec,Q4,Central,Iris Zhao,Monitor,Electronics,Retail,17,2200.0,37400.0,18700,18700.0,0
12,Dec,Q4,Central,Jack Sun,Keyboard,Peripherals,Retail,13,450.0,5850.0,2340,3510.0,0
12,Dec,Q4,Central,Iris Zhao,Mouse,Peripherals,SMB,25,252.0,6300.0,2500,3800.0,10
12,Dec,Q4,Central,Iris Zhao,Headset,Peripherals,Enterprise,17,620.0,10540.0,4250,6290.0,0
12,Dec,Q4,Central,Jack Sun,Desk Chair,Furniture,Retail,9,2880.0,25920.0,12600,13320.0,10
12,Dec,Q4,Central,Jack Sun,Standing Desk,Furniture,Enterprise,30,5500.0,165000.0,84000,81000.0,0
